risk_segment,num_customers,avg_tenure,avg_monthly_charges,avg_total_services,churn_rate
High Risk,268,9.708955223880597,78.58675373134328,1.4850746268656716,66.79
Medium Risk,313,21.17252396166134,69.71629392971246,1.70926517571885,38.02
Low Risk,828,43.16425120772947,57.26902173913044,2.2041062801932365,9.18
